{
  "loss": [
    0.29641491174697876
  ],
  "accuracy": [
    0.9447056651115417
  ],
  "val_loss": [
    1.023513674736023
  ],
  "val_accuracy": [
    0.6043832302093506
  ]
}