epoch,accuracy,loss,val_accuracy,val_loss
1,0.9447056651115417,0.29641491174697876,0.6043832302093506,1.023513674736023
