{
  "loss": [
    0.46570274233818054,
    0.21974128484725952,
    0.169688418507576,
    0.1592610776424408,
    0.15098673105239868,
    0.155327707529068,
    0.15469317138195038,
    0.15136882662773132,
    0.15650399029254913,
    0.15667970478534698
  ],
  "accuracy": [
    0.9237682223320007,
    0.9376475214958191,
    0.9492402672767639,
    0.9536659121513367,
    0.9570220112800598,
    0.9574031233787537,
    0.9592717289924622,
    0.9604887962341309,
    0.9594930410385132,
    0.9607346653938293
  ],
  "val_loss": [
    2.8927252292633057,
    1.8793202638626099,
    1.704529047012329,
    1.603947639465332,
    1.5724480152130127,
    1.5764760971069336,
    1.5769388675689697,
    1.6077910661697388,
    1.5643562078475952,
    1.5661451816558838
  ],
  "val_accuracy": [
    0.2221362292766571,
    0.4947110414505005,
    0.563553512096405,
    0.6042741537094116,
    0.6268919706344604,
    0.6398348808288574,
    0.6489937901496887,
    0.6517027616500854,
    0.6691176295280457,
    0.6761265993118286
  ]
}