{
  "accuracy": [
    0.6234718561172485
  ],
  "loss": [
    0.906849205493927
  ],
  "val_accuracy": [
    0.7626800537109375
  ],
  "val_loss": [
    0.5350733399391174
  ]
}