epoch,accuracy,loss,val_accuracy,val_loss
1,0.6234718561172485,0.906849205493927,0.7626800537109375,0.5350733399391174
