{
  "loss": [
    0.3882633149623871
  ],
  "accuracy": [
    0.8930944800376892
  ],
  "val_loss": [
    3.7190308570861816
  ],
  "val_accuracy": [
    0.11446461826562881
  ]
}