epoch,accuracy,loss,val_accuracy,val_loss
1,0.8930944800376892,0.3882633149623871,0.11446461826562881,3.7190308570861816
