{
  "accuracy": [
    0.6683123111724854,
    0.8137891292572021,
    0.8598207235336304,
    0.8948655128479004
  ],
  "loss": [
    0.8479880690574646,
    0.4887615442276001,
    0.38358885049819946,
    0.3010266125202179
  ],
  "val_accuracy": [
    0.8398246765136719,
    0.7912335395812988,
    0.7790858149528503,
    0.7608014941215515
  ],
  "val_loss": [
    0.40133458375930786,
    0.5586470365524292,
    0.6286790370941162,
    0.745498776435852
  ]
}