{
  "accuracy": [
    0.9262585639953613
  ],
  "loss": [
    0.3355942666530609
  ],
  "val_accuracy": [
    0.33951157331466675
  ],
  "val_loss": [
    2.3016960620880127
  ]
}