epoch,accuracy,loss,val_accuracy,val_loss
1,0.9262585639953613,0.3355942666530609,0.33951157331466675,2.3016960620880127
