{
  "loss": [
    0.9900814890861511,
    0.8743104338645935,
    0.5772334337234497,
    0.45147186517715454,
    0.380594402551651,
    0.3377109169960022,
    0.3101899027824402,
    0.2901882529258728,
    0.2730286717414856,
    0.2607285678386688
  ],
  "accuracy": [
    0.8279897570610046,
    0.7375467419624329,
    0.8010793924331665,
    0.8389555215835571,
    0.8611821532249451,
    0.8756147027015686,
    0.8845274448394775,
    0.8916207551956177,
    0.8975831270217896,
    0.9024636149406433
  ],
  "val_loss": [
    4.13372278213501,
    2.6295886039733887,
    1.8394454717636108,
    1.4463591575622559,
    1.2349828481674194,
    1.121864676475525,
    1.0440293550491333,
    0.9933946132659912,
    0.9639837741851807,
    0.9435814023017883
  ],
  "val_accuracy": [
    0.0858273133635521,
    0.12710697948932648,
    0.2943756580352783,
    0.4316735565662384,
    0.5156518816947937,
    0.5626505017280579,
    0.5976092219352722,
    0.622463047504425,
    0.6373409032821655,
    0.649681806564331
  ]
}