epoch,accuracy,loss,val_accuracy,val_loss
1,0.9447213411331177,0.29445549845695496,0.6052598357200623,1.0258811712265015
