{
  "loss": [
    0.29445549845695496
  ],
  "accuracy": [
    0.9447213411331177
  ],
  "val_loss": [
    1.0258811712265015
  ],
  "val_accuracy": [
    0.6052598357200623
  ]
}