epoch,accuracy,loss,val_accuracy,val_loss
1,0.9416964650154114,0.3035460114479065,0.589981198310852,1.0717781782150269
