{
  "loss": [
    0.3035460114479065
  ],
  "accuracy": [
    0.9416964650154114
  ],
  "val_loss": [
    1.0717781782150269
  ],
  "val_accuracy": [
    0.589981198310852
  ]
}