{
  "loss": [
    0.26663604378700256,
    0.2625892758369446,
    0.2579820454120636,
    0.2628527581691742,
    0.25838205218315125,
    0.2600726783275604,
    0.25762760639190674
  ],
  "categorical_accuracy": [
    0.9814276695251465,
    0.9812328815460205,
    0.9826858639717102,
    0.9819552898406982,
    0.9827426671981812,
    0.9821906685829163,
    0.9830673336982727
  ],
  "val_loss": [
    2.000943660736084,
    1.8692759275436401,
    2.0580317974090576,
    1.9532700777053833,
    2.0631425380706787,
    1.9955809116363525,
    2.1307520866394043
  ],
  "val_categorical_accuracy": [
    0.33475345373153687,
    0.3379913568496704,
    0.34375709295272827,
    0.3494376242160797,
    0.3509429693222046,
    0.3172290325164795,
    0.342166543006897
  ],
  "lr": [
    0.0005000000237487257,
    0.0005000000237487257,
    0.0005000000237487257,
    0.0005000000237487257,
    0.0005000000237487257,
    0.0005000000237487257,
    0.0005000000237487257
  ]
}