{
  "loss": [
    0.3059600293636322
  ],
  "accuracy": [
    0.9419158697128296
  ],
  "val_loss": [
    1.0708140134811401
  ],
  "val_accuracy": [
    0.5884783864021301
  ]
}