epoch,accuracy,loss,val_accuracy,val_loss
1,0.9419158697128296,0.3059600293636322,0.5884783864021301,1.0708140134811401
