{
  "loss": [
    0.45582446455955505,
    0.22429634630680084,
    0.16941960155963898,
    0.15838004648685455,
    0.1533283293247223,
    0.1539839804172516,
    0.15066395699977875,
    0.15157000720500946,
    0.15390285849571228
  ],
  "accuracy": [
    0.9245181083679199,
    0.9369344711303711,
    0.950063943862915,
    0.9538626074790955,
    0.957353949546814,
    0.9571941494941711,
    0.9590381383895874,
    0.9610297083854675,
    0.9608330130577087
  ],
  "val_loss": [
    2.8706841468811035,
    1.869752049446106,
    1.7066107988357544,
    1.5496832132339478,
    1.5976436138153076,
    1.5997227430343628,
    1.5664055347442627,
    1.564191222190857,
    1.5506281852722168
  ],
  "val_accuracy": [
    0.2336171269416809,
    0.5001720190048218,
    0.5638545155525208,
    0.6136050820350647,
    0.6225489974021912,
    0.6351909041404724,
    0.648563802242279,
    0.6597437262535095,
    0.6698916554450989
  ]
}