{
  "loss": [
    0.05042100325226784,
    0.049253709614276886,
    0.039885181933641434,
    0.037718601524829865,
    0.03649943321943283,
    0.04186118021607399,
    0.03585733473300934,
    0.036056581884622574,
    0.04261989891529083,
    0.037576399743556976,
    0.03746373578906059
  ],
  "accuracy": [
    0.9883111119270325,
    0.9887819290161133,
    0.9905595779418945,
    0.991200864315033,
    0.9914200305938721,
    0.9907706379890442,
    0.9918502569198608,
    0.9918096661567688,
    0.991184651851654,
    0.9919963479042053,
    0.9916960000991821
  ],
  "val_loss": [
    4.129031181335449,
    2.754049777984619,
    2.8531711101531982,
    2.6021687984466553,
    2.811511278152466,
    2.495516538619995,
    3.0563697814941406,
    2.9532604217529297,
    2.7074429988861084,
    2.80863356590271,
    2.817101240158081
  ],
  "val_accuracy": [
    0.35562941431999207,
    0.4709441065788269,
    0.48542943596839905,
    0.5128663778305054,
    0.49539875984191895,
    0.5435412526130676,
    0.4813394546508789,
    0.5046864151954651,
    0.5412406325340271,
    0.5241990685462952,
    0.5323505997657776
  ],
  "lr": [
    