{
  "loss": [
    0.03852440044283867
  ],
  "accuracy": [
    0.990204393863678
  ],
  "val_loss": [
    1.313765048980713
  ],
  "val_accuracy": [
    0.6326862573623657
  ]
}