epoch,accuracy,loss,val_accuracy,val_loss
1,0.990204393863678,0.03852440044283867,0.6326862573623657,1.313765048980713
