epoch,accuracy,loss,val_accuracy,val_loss
1,0.9264466166496277,0.33480939269065857,0.34289291501045227,2.3042867183685303
