{
  "accuracy": [
    0.9264466166496277
  ],
  "loss": [
    0.33480939269065857
  ],
  "val_accuracy": [
    0.34289291501045227
  ],
  "val_loss": [
    2.3042867183685303
  ]
}