{
  "accuracy": [
    0.9272146224975586
  ],
  "loss": [
    0.33719441294670105
  ],
  "val_accuracy": [
    0.3494051396846771
  ],
  "val_loss": [
    2.283707618713379
  ]
}