epoch,accuracy,loss,val_accuracy,val_loss
1,0.9272146224975586,0.33719441294670105,0.3494051396846771,2.283707618713379
