{
  "loss": [
    0.44934922456741333,
    0.585991382598877,
    0.5762734413146973,
    0.5659734010696411,
    0.5568529367446899,
    0.5470568537712097
  ],
  "accuracy": [
    0.9151996374130249,
    0.8921740055084229,
    0.8895800709724426,
    0.8892235159873962,
    0.8900840878486633,
    0.8889161944389343
  ],
  "val_loss": [
    5.426241874694824,
    6.591401100158691,
    6.147162914276123,
    6.581961154937744,
    6.707237720489502,
    6.188265323638916
  ],
  "val_accuracy": [
    0.08505331724882126,
    0.08488132059574127,
    0.08513931930065155,
    0.0851823166012764,
    0.0856553167104721,
    0.09029927849769592
  ]
}