epoch,accuracy,loss,val_accuracy,val_loss
1,0.9476316571235657,0.21141238510608673,0.227436825633049,3.304847002029419
