{
  "loss": [
    0.21141238510608673
  ],
  "accuracy": [
    0.9476316571235657
  ],
  "val_loss": [
    3.304847002029419
  ],
  "val_accuracy": [
    0.227436825633049
  ]
}