{
  "loss": [
    0.280243843793869
  ],
  "accuracy": [
    0.9292991161346436
  ],
  "val_loss": [
    2.3949222564697266
  ],
  "val_accuracy": [
    0.3423919975757599
  ]
}