epoch,accuracy,loss,val_accuracy,val_loss
1,0.9292991161346436,0.280243843793869,0.3423919975757599,2.3949222564697266
