{
  "accuracy": [
    0.9402074813842773
  ],
  "loss": [
    0.28140002489089966
  ],
  "val_accuracy": [
    0.6366937756538391
  ],
  "val_loss": [
    0.9450680017471313
  ]
}