epoch,accuracy,loss,val_accuracy,val_loss
1,0.9402074813842773,0.28140002489089966,0.6366937756538391,0.9450680017471313
