{
  "loss": [
    0.36651644110679626,
    0.2102116346359253,
    0.17570726573467255,
    0.16589871048927307,
    0.16981849074363708,
    0.17405913770198822,
    0.17590084671974182,
    0.17162592709064484,
    0.17010697722434998
  ],
  "accuracy": [
    0.9411019682884216,
    0.9490804672241211,
    0.9577350616455078,
    0.9614476561546326,
    0.9620992541313171,
    0.962222158908844,
    0.9633162617683411,
    0.9643858075141907,
    0.9642874598503113
  ],
  "val_loss": [
    2.7264821529388428,
    1.903489589691162,
    1.7944200038909912,
    1.7687631845474243,
    1.7953230142593384,
    1.9016697406768799,
    1.9083764553070068,
    1.8669204711914062,
    1.954604148864746
  ],
  "val_accuracy": [
    0.41855865716934204,
    0.6035431623458862,
    0.6498538255691528,
    0.6718266010284424,
    0.6836085319519043,
    0.6814155578613281,
    0.6921654343605042,
    0.7037323713302612,
    0.6990023851394653
  ]
}