epoch,accuracy,loss,val_accuracy,val_loss
1,0.944909393787384,0.2961387634277344,0.6075140833854675,1.0213180780410767
