{
  "loss": [
    0.2961387634277344
  ],
  "accuracy": [
    0.944909393787384
  ],
  "val_loss": [
    1.0213180780410767
  ],
  "val_accuracy": [
    0.6075140833854675
  ]
}