{
  "loss": [
    0.7751239538192749
  ],
  "accuracy": [
    0.7136543393135071
  ],
  "val_loss": [
    0.5486351251602173
  ],
  "val_accuracy": [
    0.8015028238296509
  ]
}