epoch,accuracy,loss,val_accuracy,val_loss
1,0.7136543393135071,0.7751239538192749,0.8015028238296509,0.5486351251602173
