{
  "accuracy": [
    0.9399567246437073
  ],
  "loss": [
    0.2814975678920746
  ],
  "val_accuracy": [
    0.6409518122673035
  ],
  "val_loss": [
    0.9298489689826965
  ]
}