epoch,accuracy,loss,val_accuracy,val_loss
1,0.9399567246437073,0.2814975678920746,0.6409518122673035,0.9298489689826965
