{
  "loss": [
    0.4896582067012787,
    0.24733810126781464,
    0.1850614994764328,
    0.17359845340251923,
    0.17000198364257812,
    0.1678905040025711,
    0.17090372741222382,
    0.16807737946510315,
    0.17091681063175201,
    0.16778291761875153
  ],
  "accuracy": [
    0.9229076504707336,
    0.9350658655166626,
    0.9467201232910156,
    0.9510842561721802,
    0.9538995027542114,
    0.9550305008888245,
    0.9558172821998596,
    0.9575875401496887,
    0.9576981663703918,
    0.9590627551078796
  ],
  "val_loss": [
    3.2176504135131836,
    1.9149593114852905,
    1.7634449005126953,
    1.619642972946167,
    1.578379511833191,
    1.5711091756820679,
    1.5847891569137573,
    1.603062391281128,
    1.5762708187103271,
    1.6069499254226685
  ],
  "val_accuracy": [
    0.18541452288627625,
    0.490540087223053,
    0.551986575126648,
    0.6019521951675415,
    0.6269779801368713,
    0.6411678791046143,
    0.6468868255615234,
    0.6526057720184326,
    0.6643016934394836,
    0.6673546433448792
  ]
}