{
  "accuracy": [
    0.6247727274894714
  ],
  "loss": [
    0.9035280346870422
  ],
  "val_accuracy": [
    0.7624295353889465
  ],
  "val_loss": [
    0.5371671319007874
  ]
}