epoch,accuracy,loss,val_accuracy,val_loss
1,0.6247727274894714,0.9035280346870422,0.7624295353889465,0.5371671319007874
