epoch,accuracy,loss,val_accuracy,val_loss
1,0.900601863861084,0.23853318393230438,0.11446461826562881,4.948960781097412
