{
  "loss": [
    0.23853318393230438
  ],
  "accuracy": [
    0.900601863861084
  ],
  "val_loss": [
    4.948960781097412
  ],
  "val_accuracy": [
    0.11446461826562881
  ]
}