{
  "loss": [
    0.2941400110721588,
    0.3212845027446747,
    0.3172198534011841,
    0.31494367122650146,
    0.3120264410972595,
    0.315547376871109,
    0.31111711263656616,
    0.3061855137348175,
    0.3054649531841278,
    0.3025490641593933
  ],
  "accuracy": [
    0.9128023982048035,
    0.9066680073738098,
    0.9069138765335083,
    0.9065819382667542,
    0.9076391458511353,
    0.907688319683075,
    0.9084997177124023,
    0.9088808298110962,
    0.9092127084732056,
    0.909716784954071
  ],
  "val_loss": [
    5.1264567375183105,
    4.906538009643555,
    4.792881011962891,
    4.651309967041016,
    4.508105278015137,
    4.523898124694824,
    4.408473014831543,
    4.405394077301025,
    4.3489766120910645,
    4.3706536293029785
  ],
  "val_accuracy": [
    0.08535432070493698,
    0.08595631271600723,
    0.08716030418872833,
    0.08883728832006454,
    0.09141726791858673,
    0.0923202633857727,
    0.09477124363183975,
    0.09902820736169815,
    0.10440316796302795,
    0.10276918113231659
  ]
}