{
  "accuracy": [
    0.6235502362251282
  ],
  "loss": [
    0.9076105356216431
  ],
  "val_accuracy": [
    0.7584220170974731
  ],
  "val_loss": [
    0.5445703268051147
  ]
}