epoch,accuracy,loss,val_accuracy,val_loss
1,0.6235502362251282,0.9076105356216431,0.7584220170974731,0.5445703268051147
