{
  "accuracy": [
    0.9400037527084351
  ],
  "loss": [
    0.28331491351127625
  ],
  "val_accuracy": [
    0.6376956701278687
  ],
  "val_loss": [
    0.9388363361358643
  ]
}