epoch,accuracy,loss,val_accuracy,val_loss
1,0.9400037527084351,0.28331491351127625,0.6376956701278687,0.9388363361358643
