{
  "loss": [
    0.2864290773868561,
    0.14831671118736267,
    0.11925272643566132,
    0.11581235378980637,
    0.11416054517030716,
    0.11837966740131378,
    0.11426036804914474,
    0.124689482152462,
    0.11869372427463531,
    0.11875606328248978
  ],
  "accuracy": [
    0.9604201316833496,
    0.9662483334541321,
    0.9737568497657776,
    0.9753072261810303,
    0.9768900871276855,
    0.9771092534065247,
    0.977807343006134,
    0.9772635102272034,
    0.9784729480743408,
    0.9790736436843872
  ],
  "val_loss": [
    3.1948161125183105,
    1.9998846054077148,
    2.0164198875427246,
    1.9312671422958374,
    1.8857349157333374,
    1.976069450378418,
    2.018803834915161,
    2.003770351409912,
    1.9831827878952026,
    2.0225839614868164
  ],
  "val_accuracy": [
    0.3860202133655548,
    0.5915700793266296,
    0.6226993799209595,
    0.6562712788581848,
    0.6756418943405151,
    0.6772040724754333,
    0.6857532262802124,
    0.6931379437446594,
    0.7059758901596069,
    0.7057203054428101
  ]
}