epoch,accuracy,loss,val_accuracy,val_loss
1,0.9256159663200378,0.26591572165489197,0.3135879635810852,2.447859525680542
