{
  "loss": [
    0.26591572165489197
  ],
  "accuracy": [
    0.9256159663200378
  ],
  "val_loss": [
    2.447859525680542
  ],
  "val_accuracy": [
    0.3135879635810852
  ]
}